url,keyword
about.html,about
auto_homepage.html,auto homepage
contact.html,contact
custom_homepage_template.html,custom homepage template
googleaf4d2d986493bb7e.html,googleaf4d2d986493bb7e
index.html,index
index_template.html,index template
link_list.html,link list
page.html,page
privacy.html,privacy
bedroom/20250816_180221_01.html,20250816 180221 01
bedroom/20250816_180907_01.html,20250816 180907 01
bedroom/20250816_180907_02.html,20250816 180907 02
bedroom/20250816_180907_03.html,20250816 180907 03
bedroom/20250816_180907_04.html,20250816 180907 04
bedroom/20250816_180907_05.html,20250816 180907 05
bedroom/20250816_180907_06.html,20250816 180907 06
bedroom/20250816_180907_07.html,20250816 180907 07
bedroom/20250816_180907_08.html,20250816 180907 08
bedroom/20250816_180907_09.html,20250816 180907 09
bedroom/20250816_180907_10.html,20250816 180907 10
bedroom/20250816_180907_11.html,20250816 180907 11
bedroom/20250816_180907_12.html,20250816 180907 12
bedroom/20250816_180907_13.html,20250816 180907 13
bedroom/20250816_180907_14.html,20250816 180907 14
bedroom/20250816_180907_15.html,20250816 180907 15
bedroom/20250816_180907_16.html,20250816 180907 16
bedroom/20250816_180907_17.html,20250816 180907 17
bedroom/20250816_180907_18.html,20250816 180907 18
bedroom/20250816_180907_19.html,20250816 180907 19
bedroom/20250816_180907_20.html,20250816 180907 20
bedroom/20250817_090111_01.html,20250817 090111 01
bedroom/20250817_090154_01.html,20250817 090154 01
bedroom/20250817_235557_01.html,20250817 235557 01
bedroom/20250906_084502_01.html,20250906 084502 01
bedroom/20250906_084820_01.html,20250906 084820 01
bedroom/20250906_211459_01.html,20250906 211459 01
bedroom/20250906_215332_01.html,20250906 215332 01
bedroom/20250906_215850_01.html,20250906 215850 01
bedroom/20250906_222147_01.html,20250906 222147 01
bedroom/20250906_224015_01.html,20250906 224015 01
bedroom/20250906_235515_01.html,20250906 235515 01
bedroom/20250907_005948_01.html,20250907 005948 01
bedroom/20250910_231919_01.html,20250910 231919 01
bedroom/20250911_090500_01.html,20250911 090500 01
bedroom/20250911_105231_01.html,20250911 105231 01
bedroom/page1.html,page1
bedroom/page2.html,page2
dark/20250816_180227_01.html,20250816 180227 01
dark/20250816_181102_01.html,20250816 181102 01
dark/20250816_181102_02.html,20250816 181102 02
dark/20250816_181102_03.html,20250816 181102 03
dark/20250816_181102_04.html,20250816 181102 04
dark/20250816_181102_05.html,20250816 181102 05
dark/20250816_181102_06.html,20250816 181102 06
dark/20250816_181102_07.html,20250816 181102 07
dark/20250816_181102_08.html,20250816 181102 08
dark/20250816_181102_09.html,20250816 181102 09
dark/20250816_181102_10.html,20250816 181102 10
dark/20250816_181102_11.html,20250816 181102 11
dark/20250816_181102_12.html,20250816 181102 12
dark/20250816_181102_13.html,20250816 181102 13
dark/20250816_181102_14.html,20250816 181102 14
dark/20250816_181102_15.html,20250816 181102 15
dark/20250816_181102_16.html,20250816 181102 16
dark/20250816_181102_17.html,20250816 181102 17
dark/20250816_181102_18.html,20250816 181102 18
dark/20250816_181102_19.html,20250816 181102 19
dark/20250816_181102_20.html,20250816 181102 20
dark/20250817_090117_01.html,20250817 090117 01
dark/20250817_090204_01.html,20250817 090204 01
dark/20250817_235602_01.html,20250817 235602 01
dark/20250906_084516_01.html,20250906 084516 01
dark/20250906_084826_01.html,20250906 084826 01
dark/20250906_211504_01.html,20250906 211504 01
dark/20250906_215338_01.html,20250906 215338 01
dark/20250906_215855_01.html,20250906 215855 01
dark/20250906_222153_01.html,20250906 222153 01
dark/20250906_224020_01.html,20250906 224020 01
dark/20250906_235522_01.html,20250906 235522 01
dark/20250907_005955_01.html,20250907 005955 01
dark/20250910_231924_01.html,20250910 231924 01
dark/20250911_090506_01.html,20250911 090506 01
dark/20250911_105237_01.html,20250911 105237 01
dark/page1.html,page1
dark/page2.html,page2
fitness/20250816_180233_01.html,20250816 180233 01
fitness/20250816_181301_01.html,20250816 181301 01
fitness/20250816_181301_02.html,20250816 181301 02
fitness/20250816_181301_03.html,20250816 181301 03
fitness/20250816_181301_04.html,20250816 181301 04
fitness/20250816_181301_05.html,20250816 181301 05
fitness/20250816_181301_06.html,20250816 181301 06
fitness/20250816_181301_07.html,20250816 181301 07
fitness/20250816_181301_08.html,20250816 181301 08
fitness/20250816_181301_09.html,20250816 181301 09
fitness/20250816_181301_10.html,20250816 181301 10
fitness/20250816_181301_11.html,20250816 181301 11
fitness/20250816_181301_12.html,20250816 181301 12
fitness/20250816_181301_13.html,20250816 181301 13
fitness/20250816_181301_14.html,20250816 181301 14
fitness/20250816_181301_15.html,20250816 181301 15
fitness/20250816_181301_16.html,20250816 181301 16
fitness/20250816_181301_17.html,20250816 181301 17
fitness/20250816_181301_18.html,20250816 181301 18
fitness/20250816_181301_19.html,20250816 181301 19
fitness/20250816_181301_20.html,20250816 181301 20
fitness/20250817_090123_01.html,20250817 090123 01
fitness/20250817_090216_01.html,20250817 090216 01
fitness/20250817_235608_01.html,20250817 235608 01
fitness/20250906_084522_01.html,20250906 084522 01
fitness/20250906_084831_01.html,20250906 084831 01
fitness/20250906_211510_01.html,20250906 211510 01
fitness/20250906_215344_01.html,20250906 215344 01
fitness/20250906_215901_01.html,20250906 215901 01
fitness/20250906_222158_01.html,20250906 222158 01
fitness/20250906_224026_01.html,20250906 224026 01
fitness/20250906_235528_01.html,20250906 235528 01
fitness/20250907_010001_01.html,20250907 010001 01
fitness/20250910_231930_01.html,20250910 231930 01
fitness/20250911_090511_01.html,20250911 090511 01
fitness/20250911_105242_01.html,20250911 105242 01
fitness/page1.html,page1
fitness/page2.html,page2
luxury/20250816_180239_01.html,20250816 180239 01
luxury/20250816_181500_01.html,20250816 181500 01
luxury/20250816_181500_02.html,20250816 181500 02
luxury/20250816_181500_03.html,20250816 181500 03
luxury/20250816_181500_04.html,20250816 181500 04
luxury/20250816_181500_05.html,20250816 181500 05
luxury/20250816_181500_06.html,20250816 181500 06
luxury/20250816_181500_07.html,20250816 181500 07
luxury/20250816_181500_08.html,20250816 181500 08
luxury/20250816_181500_09.html,20250816 181500 09
luxury/20250816_181500_10.html,20250816 181500 10
luxury/20250816_181500_11.html,20250816 181500 11
luxury/20250816_181500_12.html,20250816 181500 12
luxury/20250816_181500_13.html,20250816 181500 13
luxury/20250816_181500_14.html,20250816 181500 14
luxury/20250816_181500_15.html,20250816 181500 15
luxury/20250816_181500_16.html,20250816 181500 16
luxury/20250816_181500_17.html,20250816 181500 17
luxury/20250816_181500_18.html,20250816 181500 18
luxury/20250816_181500_19.html,20250816 181500 19
luxury/20250816_181500_20.html,20250816 181500 20
luxury/20250817_090129_01.html,20250817 090129 01
luxury/20250817_090227_01.html,20250817 090227 01
luxury/20250817_235613_01.html,20250817 235613 01
luxury/20250906_084528_01.html,20250906 084528 01
luxury/20250906_084837_01.html,20250906 084837 01
luxury/20250906_211516_01.html,20250906 211516 01
luxury/20250906_215350_01.html,20250906 215350 01
luxury/20250906_215906_01.html,20250906 215906 01
luxury/20250906_222204_01.html,20250906 222204 01
luxury/20250906_224032_01.html,20250906 224032 01
luxury/20250906_235534_01.html,20250906 235534 01
luxury/20250907_010007_01.html,20250907 010007 01
luxury/20250910_231935_01.html,20250910 231935 01
luxury/20250911_090517_01.html,20250911 090517 01
luxury/20250911_105248_01.html,20250911 105248 01
luxury/page1.html,page1
luxury/page2.html,page2
mirror/20250816_180245_01.html,20250816 180245 01
mirror/20250816_181656_01.html,20250816 181656 01
mirror/20250816_181656_02.html,20250816 181656 02
mirror/20250816_181656_03.html,20250816 181656 03
mirror/20250816_181656_04.html,20250816 181656 04
mirror/20250816_181656_05.html,20250816 181656 05
mirror/20250817_090135_01.html,20250817 090135 01
mirror/20250817_090233_01.html,20250817 090233 01
mirror/20250817_235618_01.html,20250817 235618 01
mirror/20250906_084533_01.html,20250906 084533 01
mirror/20250906_084842_01.html,20250906 084842 01
mirror/20250906_211521_01.html,20250906 211521 01
mirror/20250906_215355_01.html,20250906 215355 01
mirror/20250906_215912_01.html,20250906 215912 01
mirror/20250906_222209_01.html,20250906 222209 01
mirror/20250906_224037_01.html,20250906 224037 01
mirror/20250906_235539_01.html,20250906 235539 01
mirror/20250907_010013_01.html,20250907 010013 01
mirror/20250910_231941_01.html,20250910 231941 01
mirror/20250911_090522_01.html,20250911 090522 01
mirror/20250911_105253_01.html,20250911 105253 01
mirror/page1.html,page1
mirror/page2.html,page2
office/20250816_180251_01.html,20250816 180251 01
office/20250817_090141_01.html,20250817 090141 01
office/20250817_090239_01.html,20250817 090239 01
office/20250817_235624_01.html,20250817 235624 01
office/20250906_084539_01.html,20250906 084539 01
office/20250906_084848_01.html,20250906 084848 01
office/20250906_211526_01.html,20250906 211526 01
office/20250906_215401_01.html,20250906 215401 01
office/20250906_215918_01.html,20250906 215918 01
office/20250906_222215_01.html,20250906 222215 01
office/20250906_224043_01.html,20250906 224043 01
office/20250906_235545_01.html,20250906 235545 01
office/20250907_010018_01.html,20250907 010018 01
office/20250910_231946_01.html,20250910 231946 01
office/20250911_090527_01.html,20250911 090527 01
office/20250911_105259_01.html,20250911 105259 01
office/page1.html,page1
pages/dark.html,dark
pages/office.html,office
pages/page1.html,page1
pages/page2.html,page2
pages/shower.html,shower
pages/soft.html,soft
pages/uniform.html,uniform
pages/dark/index.html,index
pages/office/index.html,index
pages/shower/index.html,index
pages/single/index.html,index
pages/soft/index.html,index
pages/uniform/index.html,index
redroom/20250816_180257_01.html,20250816 180257 01
redroom/20250817_090147_01.html,20250817 090147 01
redroom/20250817_090245_01.html,20250817 090245 01
redroom/20250817_235629_01.html,20250817 235629 01
redroom/20250906_084545_01.html,20250906 084545 01
redroom/20250906_084854_01.html,20250906 084854 01
redroom/20250906_211532_01.html,20250906 211532 01
redroom/20250906_215407_01.html,20250906 215407 01
redroom/20250906_215923_01.html,20250906 215923 01
redroom/20250906_222220_01.html,20250906 222220 01
redroom/20250906_224048_01.html,20250906 224048 01
redroom/20250906_235550_01.html,20250906 235550 01
redroom/20250907_010024_01.html,20250907 010024 01
redroom/20250910_231952_01.html,20250910 231952 01
redroom/20250911_090533_01.html,20250911 090533 01
redroom/20250911_105304_01.html,20250911 105304 01
redroom/page1.html,page1
shower/20250816_180303_01.html,20250816 180303 01
shower/20250817_090152_01.html,20250817 090152 01
shower/20250817_090251_01.html,20250817 090251 01
shower/20250817_235634_01.html,20250817 235634 01
shower/20250906_084550_01.html,20250906 084550 01
shower/20250906_084859_01.html,20250906 084859 01
shower/20250906_211538_01.html,20250906 211538 01
shower/20250906_215412_01.html,20250906 215412 01
shower/20250906_215928_01.html,20250906 215928 01
shower/20250906_222226_01.html,20250906 222226 01
shower/20250906_224053_01.html,20250906 224053 01
shower/20250906_235556_01.html,20250906 235556 01
shower/20250907_010029_01.html,20250907 010029 01
shower/20250910_231957_01.html,20250910 231957 01
shower/20250911_090538_01.html,20250911 090538 01
shower/20250911_105309_01.html,20250911 105309 01
shower/page1.html,page1
soft/20250816_180309_01.html,20250816 180309 01
soft/20250817_090159_01.html,20250817 090159 01
soft/20250817_090257_01.html,20250817 090257 01
soft/20250817_235640_01.html,20250817 235640 01
soft/20250906_084556_01.html,20250906 084556 01
soft/20250906_084905_01.html,20250906 084905 01
soft/20250906_211543_01.html,20250906 211543 01
soft/20250906_215417_01.html,20250906 215417 01
soft/20250906_215934_01.html,20250906 215934 01
soft/20250906_222231_01.html,20250906 222231 01
soft/20250906_224059_01.html,20250906 224059 01
soft/20250906_235601_01.html,20250906 235601 01
soft/20250907_010035_01.html,20250907 010035 01
soft/20250910_232003_01.html,20250910 232003 01
soft/20250911_090544_01.html,20250911 090544 01
soft/20250911_105315_01.html,20250911 105315 01
soft/page1.html,page1
tags/bedroom-girls.html,bedroom girls
tags/bedroom-girls_2.html,bedroom girls 2
tags/bedroom-girls_3.html,bedroom girls 3
tags/cozy-bedroom.html,cozy bedroom
tags/moody-tones.html,moody tones
tags/morning-light.html,morning light
tags/natural-look.html,natural look
tags/smiles.html,smiles
tags/soft-portraits.html,soft portraits
tags/window-light.html,window light
uniform/20250816_180314_01.html,20250816 180314 01
uniform/20250817_090210_01.html,20250817 090210 01
uniform/20250817_090303_01.html,20250817 090303 01
uniform/20250817_235645_01.html,20250817 235645 01
uniform/20250906_084601_01.html,20250906 084601 01
uniform/20250906_084910_01.html,20250906 084910 01
uniform/20250906_211548_01.html,20250906 211548 01
uniform/20250906_215423_01.html,20250906 215423 01
uniform/20250906_215940_01.html,20250906 215940 01
uniform/20250906_222237_01.html,20250906 222237 01
uniform/20250906_224105_01.html,20250906 224105 01
uniform/20250906_235607_01.html,20250906 235607 01
uniform/20250907_010040_01.html,20250907 010040 01
uniform/20250910_232008_01.html,20250910 232008 01
uniform/20250911_090549_01.html,20250911 090549 01
uniform/20250911_105321_01.html,20250911 105321 01
uniform/page1.html,page1
bedroom/20250911_154928_01.html,20250911 154928 01
bedroom/20250911_155510_01.html,20250911 155510 01
dark/20250911_155516_01.html,20250911 155516 01
fitness/20250911_155521_01.html,20250911 155521 01
luxury/20250911_155526_01.html,20250911 155526 01
mirror/20250911_155532_01.html,20250911 155532 01
office/20250911_155537_01.html,20250911 155537 01
redroom/20250911_155543_01.html,20250911 155543 01
shower/20250911_155548_01.html,20250911 155548 01
soft/20250911_155553_01.html,20250911 155553 01
uniform/20250911_155559_01.html,20250911 155559 01
bedroom/20250911_183156_01.html,20250911 183156 01
dark/20250911_183202_01.html,20250911 183202 01
fitness/20250911_183207_01.html,20250911 183207 01
luxury/20250911_183212_01.html,20250911 183212 01
mirror/20250911_183218_01.html,20250911 183218 01
office/20250911_183224_01.html,20250911 183224 01
redroom/20250911_183229_01.html,20250911 183229 01
shower/20250911_183240_01.html,20250911 183240 01
soft/20250911_183250_01.html,20250911 183250 01
uniform/20250911_183300_01.html,20250911 183300 01
404.html,404
bedroom/20250915_093404_01.html,20250915 093404 01
dark/20250915_093411_01.html,20250915 093411 01
fitness/20250915_093417_01.html,20250915 093417 01
luxury/20250915_093422_01.html,20250915 093422 01
mirror/20250915_093428_01.html,20250915 093428 01
office/20250915_093434_01.html,20250915 093434 01
redroom/20250915_093439_01.html,20250915 093439 01
shower/20250915_093445_01.html,20250915 093445 01
soft/20250915_093451_01.html,20250915 093451 01
uniform/20250915_093456_01.html,20250915 093456 01
bedroom/20250812_053515_01.html,20250812 053515 01
bedroom/20250812_053515_02.html,20250812 053515 02
bedroom/20250812_053515_03.html,20250812 053515 03
bedroom/20250812_053515_04.html,20250812 053515 04
bedroom/20250812_053515_05.html,20250812 053515 05
bedroom/20250812_053515_06.html,20250812 053515 06
bedroom/20250812_053515_07.html,20250812 053515 07
bedroom/20250812_053515_08.html,20250812 053515 08
bedroom/20250812_053515_09.html,20250812 053515 09
bedroom/20250812_053515_10.html,20250812 053515 10
bedroom/20250812_053515_11.html,20250812 053515 11
bedroom/20250812_053515_12.html,20250812 053515 12
bedroom/20250812_053515_13.html,20250812 053515 13
bedroom/20250812_053515_14.html,20250812 053515 14
bedroom/20250812_053515_15.html,20250812 053515 15
bedroom/20250812_053515_16.html,20250812 053515 16
bedroom/20250812_053515_17.html,20250812 053515 17
bedroom/20250812_053515_18.html,20250812 053515 18
bedroom/20250812_053515_19.html,20250812 053515 19
bedroom/20250812_053515_20.html,20250812 053515 20
bedroom/20250812_161408_01.html,20250812 161408 01
bedroom/20250812_161408_02.html,20250812 161408 02
bedroom/20250812_161408_03.html,20250812 161408 03
bedroom/20250812_161408_04.html,20250812 161408 04
bedroom/20250812_161408_05.html,20250812 161408 05
bedroom/20250812_161408_06.html,20250812 161408 06
bedroom/20250812_161408_07.html,20250812 161408 07
bedroom/20250812_161408_08.html,20250812 161408 08
bedroom/20250812_161408_09.html,20250812 161408 09
bedroom/20250812_161408_10.html,20250812 161408 10
bedroom/20250812_161408_11.html,20250812 161408 11
bedroom/20250812_161408_12.html,20250812 161408 12
bedroom/20250812_161408_13.html,20250812 161408 13
bedroom/20250812_161408_14.html,20250812 161408 14
bedroom/20250812_161408_15.html,20250812 161408 15
bedroom/20250812_161408_16.html,20250812 161408 16
bedroom/20250812_161408_17.html,20250812 161408 17
bedroom/20250812_161408_18.html,20250812 161408 18
bedroom/20250812_161408_19.html,20250812 161408 19
bedroom/20250812_161408_20.html,20250812 161408 20
bedroom/20250815_153010_01.html,20250815 153010 01
bedroom/20250815_153010_02.html,20250815 153010 02
bedroom/20250815_153010_03.html,20250815 153010 03
bedroom/20250815_153010_04.html,20250815 153010 04
bedroom/20250815_153010_05.html,20250815 153010 05
bedroom/20250815_153010_06.html,20250815 153010 06
bedroom/20250815_153010_07.html,20250815 153010 07
bedroom/20250815_153010_08.html,20250815 153010 08
bedroom/20250815_153010_09.html,20250815 153010 09
bedroom/20250815_153010_10.html,20250815 153010 10
bedroom/20250815_153010_11.html,20250815 153010 11
bedroom/20250815_153010_12.html,20250815 153010 12
bedroom/20250815_153010_13.html,20250815 153010 13
bedroom/20250815_153010_14.html,20250815 153010 14
bedroom/20250815_153010_15.html,20250815 153010 15
bedroom/20250815_153010_16.html,20250815 153010 16
bedroom/20250815_153010_17.html,20250815 153010 17
bedroom/20250815_153010_18.html,20250815 153010 18
bedroom/20250815_153010_19.html,20250815 153010 19
bedroom/20250815_153010_20.html,20250815 153010 20
bedroom/20250909_101912_01.html,20250909 101912 01
bedroom/20250909_101912_02.html,20250909 101912 02
bedroom/20250909_101912_03.html,20250909 101912 03
bedroom/20250909_101912_04.html,20250909 101912 04
bedroom/20250909_101912_05.html,20250909 101912 05
bedroom/20250909_101912_06.html,20250909 101912 06
bedroom/20250909_101912_07.html,20250909 101912 07
bedroom/20250909_101912_08.html,20250909 101912 08
bedroom/20250909_101912_09.html,20250909 101912 09
bedroom/20250909_101912_10.html,20250909 101912 10
bedroom/20250909_101912_11.html,20250909 101912 11
bedroom/20250909_101912_12.html,20250909 101912 12
bedroom/20250909_101912_13.html,20250909 101912 13
bedroom/20250909_101912_14.html,20250909 101912 14
bedroom/20250909_101912_15.html,20250909 101912 15
bedroom/20250909_101912_16.html,20250909 101912 16
bedroom/20250909_101912_17.html,20250909 101912 17
bedroom/20250909_101912_18.html,20250909 101912 18
bedroom/20250909_101912_19.html,20250909 101912 19
bedroom/20250909_101912_20.html,20250909 101912 20
bedroom/20250917_025708_01.html,20250917 025708 01
bedroom/20250917_025708_02.html,20250917 025708 02
bedroom/20250917_025708_03.html,20250917 025708 03
bedroom/20250917_025708_04.html,20250917 025708 04
bedroom/20250917_025708_05.html,20250917 025708 05
bedroom/20250917_025708_06.html,20250917 025708 06
bedroom/20250917_025708_07.html,20250917 025708 07
bedroom/20250917_025708_08.html,20250917 025708 08
bedroom/20250917_025708_09.html,20250917 025708 09
bedroom/20250917_025708_10.html,20250917 025708 10
bedroom/20250917_025708_11.html,20250917 025708 11
bedroom/20250917_025708_12.html,20250917 025708 12
bedroom/20250917_025708_13.html,20250917 025708 13
bedroom/20250917_025708_14.html,20250917 025708 14
bedroom/20250917_025708_15.html,20250917 025708 15
bedroom/20250917_025708_16.html,20250917 025708 16
bedroom/20250917_025708_17.html,20250917 025708 17
bedroom/20250917_025708_18.html,20250917 025708 18
bedroom/20250917_025708_19.html,20250917 025708 19
bedroom/20250917_025708_20.html,20250917 025708 20
bedroom/page3.html,page3
bedroom/page4.html,page4
bedroom/page5.html,page5
dark/20250812_053701_01.html,20250812 053701 01
dark/20250812_053701_02.html,20250812 053701 02
dark/20250812_053701_03.html,20250812 053701 03
dark/20250812_053701_04.html,20250812 053701 04
dark/20250812_053701_05.html,20250812 053701 05
dark/20250812_053701_06.html,20250812 053701 06
dark/20250812_053701_07.html,20250812 053701 07
dark/20250812_053701_08.html,20250812 053701 08
dark/20250812_053701_09.html,20250812 053701 09
dark/20250812_053701_10.html,20250812 053701 10
dark/20250812_053701_11.html,20250812 053701 11
dark/20250812_053701_12.html,20250812 053701 12
dark/20250812_053701_13.html,20250812 053701 13
dark/20250812_053701_14.html,20250812 053701 14
dark/20250812_053701_15.html,20250812 053701 15
dark/20250812_053701_16.html,20250812 053701 16
dark/20250812_053701_17.html,20250812 053701 17
dark/20250812_053701_18.html,20250812 053701 18
dark/20250812_053701_19.html,20250812 053701 19
dark/20250812_053701_20.html,20250812 053701 20
dark/20250812_161555_01.html,20250812 161555 01
dark/20250812_161555_02.html,20250812 161555 02
dark/20250812_161555_03.html,20250812 161555 03
dark/20250812_161555_04.html,20250812 161555 04
dark/20250812_161555_05.html,20250812 161555 05
dark/20250812_161555_06.html,20250812 161555 06
dark/20250812_161555_07.html,20250812 161555 07
dark/20250812_161555_08.html,20250812 161555 08
dark/20250812_161555_09.html,20250812 161555 09
dark/20250812_161555_10.html,20250812 161555 10
dark/20250812_161555_11.html,20250812 161555 11
dark/20250812_161555_12.html,20250812 161555 12
dark/20250812_161555_13.html,20250812 161555 13
dark/20250812_161555_14.html,20250812 161555 14
dark/20250812_161555_15.html,20250812 161555 15
dark/20250812_161555_16.html,20250812 161555 16
dark/20250812_161555_17.html,20250812 161555 17
dark/20250812_161555_18.html,20250812 161555 18
dark/20250812_161555_19.html,20250812 161555 19
dark/20250812_161555_20.html,20250812 161555 20
dark/20250815_153156_01.html,20250815 153156 01
dark/20250815_153156_02.html,20250815 153156 02
dark/20250815_153156_03.html,20250815 153156 03
dark/20250815_153156_04.html,20250815 153156 04
dark/20250815_153156_05.html,20250815 153156 05
dark/20250815_153156_06.html,20250815 153156 06
dark/20250815_153156_07.html,20250815 153156 07
dark/20250815_153156_08.html,20250815 153156 08
dark/20250815_153156_09.html,20250815 153156 09
dark/20250815_153156_10.html,20250815 153156 10
dark/20250815_153156_11.html,20250815 153156 11
dark/20250815_153156_12.html,20250815 153156 12
dark/20250815_153156_13.html,20250815 153156 13
dark/20250815_153156_14.html,20250815 153156 14
dark/20250815_153156_15.html,20250815 153156 15
dark/20250815_153156_16.html,20250815 153156 16
dark/20250815_153156_17.html,20250815 153156 17
dark/20250815_153156_18.html,20250815 153156 18
dark/20250815_153156_19.html,20250815 153156 19
dark/20250815_153156_20.html,20250815 153156 20
dark/20250909_102051_01.html,20250909 102051 01
dark/20250909_102051_02.html,20250909 102051 02
dark/20250909_102051_03.html,20250909 102051 03
dark/20250909_102051_04.html,20250909 102051 04
dark/20250909_102051_05.html,20250909 102051 05
dark/20250909_102051_06.html,20250909 102051 06
dark/20250909_102051_07.html,20250909 102051 07
dark/20250909_102051_08.html,20250909 102051 08
dark/20250909_102051_09.html,20250909 102051 09
dark/20250909_102051_10.html,20250909 102051 10
dark/20250909_102051_11.html,20250909 102051 11
dark/20250909_102051_12.html,20250909 102051 12
dark/20250909_102051_13.html,20250909 102051 13
dark/20250909_102051_14.html,20250909 102051 14
dark/20250909_102051_15.html,20250909 102051 15
dark/20250909_102051_16.html,20250909 102051 16
dark/20250909_102051_17.html,20250909 102051 17
dark/20250909_102051_18.html,20250909 102051 18
dark/20250909_102051_19.html,20250909 102051 19
dark/20250909_102051_20.html,20250909 102051 20
dark/20250917_025843_01.html,20250917 025843 01
dark/20250917_025843_02.html,20250917 025843 02
dark/20250917_025843_03.html,20250917 025843 03
dark/20250917_025843_04.html,20250917 025843 04
dark/20250917_025843_05.html,20250917 025843 05
dark/20250917_025843_06.html,20250917 025843 06
dark/20250917_025843_07.html,20250917 025843 07
dark/20250917_025843_08.html,20250917 025843 08
dark/20250917_025843_09.html,20250917 025843 09
dark/20250917_025843_10.html,20250917 025843 10
dark/20250917_025843_11.html,20250917 025843 11
dark/20250917_025843_12.html,20250917 025843 12
dark/20250917_025843_13.html,20250917 025843 13
dark/20250917_025843_14.html,20250917 025843 14
dark/20250917_025843_15.html,20250917 025843 15
dark/20250917_025843_16.html,20250917 025843 16
dark/20250917_025843_17.html,20250917 025843 17
dark/20250917_025843_18.html,20250917 025843 18
dark/20250917_025843_19.html,20250917 025843 19
dark/20250917_025843_20.html,20250917 025843 20
dark/page3.html,page3
dark/page4.html,page4
dark/page5.html,page5
fitness/20250812_053846_01.html,20250812 053846 01
fitness/20250812_053846_02.html,20250812 053846 02
fitness/20250812_053846_03.html,20250812 053846 03
fitness/20250812_053846_04.html,20250812 053846 04
fitness/20250812_053846_05.html,20250812 053846 05
fitness/20250812_053846_06.html,20250812 053846 06
fitness/20250812_053846_07.html,20250812 053846 07
fitness/20250812_053846_08.html,20250812 053846 08
fitness/20250812_053846_09.html,20250812 053846 09
fitness/20250812_053846_10.html,20250812 053846 10
fitness/20250812_053846_11.html,20250812 053846 11
fitness/20250812_053846_12.html,20250812 053846 12
fitness/20250812_053846_13.html,20250812 053846 13
fitness/20250812_053846_14.html,20250812 053846 14
fitness/20250812_053846_15.html,20250812 053846 15
fitness/20250812_053846_16.html,20250812 053846 16
fitness/20250812_053846_17.html,20250812 053846 17
fitness/20250812_053846_18.html,20250812 053846 18
fitness/20250812_053846_19.html,20250812 053846 19
fitness/20250812_053846_20.html,20250812 053846 20
fitness/20250812_161740_01.html,20250812 161740 01
fitness/20250812_161740_02.html,20250812 161740 02
fitness/20250812_161740_03.html,20250812 161740 03
fitness/20250812_161740_04.html,20250812 161740 04
fitness/20250812_161740_05.html,20250812 161740 05
fitness/20250812_161740_06.html,20250812 161740 06
fitness/20250812_161740_07.html,20250812 161740 07
fitness/20250812_161740_08.html,20250812 161740 08
fitness/20250812_161740_09.html,20250812 161740 09
fitness/20250812_161740_10.html,20250812 161740 10
fitness/20250812_161740_11.html,20250812 161740 11
fitness/20250812_161740_12.html,20250812 161740 12
fitness/20250812_161740_13.html,20250812 161740 13
fitness/20250812_161740_14.html,20250812 161740 14
fitness/20250812_161740_15.html,20250812 161740 15
fitness/20250812_161740_16.html,20250812 161740 16
fitness/20250812_161740_17.html,20250812 161740 17
fitness/20250812_161740_18.html,20250812 161740 18
fitness/20250812_161740_19.html,20250812 161740 19
fitness/20250812_161740_20.html,20250812 161740 20
fitness/20250815_153341_01.html,20250815 153341 01
fitness/20250815_153341_02.html,20250815 153341 02
fitness/20250815_153341_03.html,20250815 153341 03
fitness/20250815_153341_04.html,20250815 153341 04
fitness/20250815_153341_05.html,20250815 153341 05
fitness/20250815_153341_06.html,20250815 153341 06
fitness/20250815_153341_07.html,20250815 153341 07
fitness/20250815_153341_08.html,20250815 153341 08
fitness/20250815_153341_09.html,20250815 153341 09
fitness/20250815_153341_10.html,20250815 153341 10
fitness/20250815_153341_11.html,20250815 153341 11
fitness/20250815_153341_12.html,20250815 153341 12
fitness/20250815_153341_13.html,20250815 153341 13
fitness/20250815_153341_14.html,20250815 153341 14
fitness/20250815_153341_15.html,20250815 153341 15
fitness/20250815_153341_16.html,20250815 153341 16
fitness/20250815_153341_17.html,20250815 153341 17
fitness/20250815_153341_18.html,20250815 153341 18
fitness/20250815_153341_19.html,20250815 153341 19
fitness/20250815_153341_20.html,20250815 153341 20
fitness/20250909_102229_01.html,20250909 102229 01
fitness/20250909_102229_02.html,20250909 102229 02
fitness/20250909_102229_03.html,20250909 102229 03
fitness/20250909_102229_04.html,20250909 102229 04
fitness/20250909_102229_05.html,20250909 102229 05
fitness/20250909_102229_06.html,20250909 102229 06
fitness/20250909_102229_07.html,20250909 102229 07
fitness/20250909_102229_08.html,20250909 102229 08
fitness/20250909_102229_09.html,20250909 102229 09
fitness/20250909_102229_10.html,20250909 102229 10
fitness/20250909_102229_11.html,20250909 102229 11
fitness/20250909_102229_12.html,20250909 102229 12
fitness/20250909_102229_13.html,20250909 102229 13
fitness/20250909_102229_14.html,20250909 102229 14
fitness/20250909_102229_15.html,20250909 102229 15
fitness/20250909_102229_16.html,20250909 102229 16
fitness/20250909_102229_17.html,20250909 102229 17
fitness/20250909_102229_18.html,20250909 102229 18
fitness/20250909_102229_19.html,20250909 102229 19
fitness/20250909_102229_20.html,20250909 102229 20
fitness/20250917_030019_01.html,20250917 030019 01
fitness/20250917_030019_02.html,20250917 030019 02
fitness/20250917_030019_03.html,20250917 030019 03
fitness/20250917_030019_04.html,20250917 030019 04
fitness/20250917_030019_05.html,20250917 030019 05
fitness/20250917_030019_06.html,20250917 030019 06
fitness/20250917_030019_07.html,20250917 030019 07
fitness/20250917_030019_08.html,20250917 030019 08
fitness/20250917_030019_09.html,20250917 030019 09
fitness/20250917_030019_10.html,20250917 030019 10
fitness/20250917_030019_11.html,20250917 030019 11
fitness/20250917_030019_12.html,20250917 030019 12
fitness/20250917_030019_13.html,20250917 030019 13
fitness/20250917_030019_14.html,20250917 030019 14
fitness/20250917_030019_15.html,20250917 030019 15
fitness/20250917_030019_16.html,20250917 030019 16
fitness/20250917_030019_17.html,20250917 030019 17
fitness/20250917_030019_18.html,20250917 030019 18
fitness/20250917_030019_19.html,20250917 030019 19
fitness/20250917_030019_20.html,20250917 030019 20
fitness/page3.html,page3
fitness/page4.html,page4
fitness/page5.html,page5
luxury/20250812_054031_01.html,20250812 054031 01
luxury/20250812_054031_02.html,20250812 054031 02
luxury/20250812_054031_03.html,20250812 054031 03
luxury/20250812_054031_04.html,20250812 054031 04
luxury/20250812_054031_05.html,20250812 054031 05
luxury/20250812_054031_06.html,20250812 054031 06
luxury/20250812_054031_07.html,20250812 054031 07
luxury/20250812_054031_08.html,20250812 054031 08
luxury/20250812_054031_09.html,20250812 054031 09
luxury/20250812_054031_10.html,20250812 054031 10
luxury/20250812_054031_11.html,20250812 054031 11
luxury/20250812_054031_12.html,20250812 054031 12
luxury/20250812_054031_13.html,20250812 054031 13
luxury/20250812_054031_14.html,20250812 054031 14
luxury/20250812_054031_15.html,20250812 054031 15
luxury/20250812_054031_16.html,20250812 054031 16
luxury/20250812_054031_17.html,20250812 054031 17
luxury/20250812_054031_18.html,20250812 054031 18
luxury/20250812_054031_19.html,20250812 054031 19
luxury/20250812_054031_20.html,20250812 054031 20
luxury/20250812_161927_01.html,20250812 161927 01
luxury/20250812_161927_02.html,20250812 161927 02
luxury/20250812_161927_03.html,20250812 161927 03
luxury/20250812_161927_04.html,20250812 161927 04
luxury/20250812_161927_05.html,20250812 161927 05
luxury/20250812_161927_06.html,20250812 161927 06
luxury/20250812_161927_07.html,20250812 161927 07
luxury/20250812_161927_08.html,20250812 161927 08
luxury/20250812_161927_09.html,20250812 161927 09
luxury/20250812_161927_10.html,20250812 161927 10
luxury/20250812_161927_11.html,20250812 161927 11
luxury/20250812_161927_12.html,20250812 161927 12
luxury/20250812_161927_13.html,20250812 161927 13
luxury/20250812_161927_14.html,20250812 161927 14
luxury/20250812_161927_15.html,20250812 161927 15
luxury/20250812_161927_16.html,20250812 161927 16
luxury/20250812_161927_17.html,20250812 161927 17
luxury/20250812_161927_18.html,20250812 161927 18
luxury/20250812_161927_19.html,20250812 161927 19
luxury/20250812_161927_20.html,20250812 161927 20
luxury/20250815_153526_01.html,20250815 153526 01
luxury/20250815_153526_02.html,20250815 153526 02
luxury/20250815_153526_03.html,20250815 153526 03
luxury/20250815_153526_04.html,20250815 153526 04
luxury/20250815_153526_05.html,20250815 153526 05
luxury/20250815_153526_06.html,20250815 153526 06
luxury/20250815_153526_07.html,20250815 153526 07
luxury/20250815_153526_08.html,20250815 153526 08
luxury/20250815_153526_09.html,20250815 153526 09
luxury/20250815_153526_10.html,20250815 153526 10
luxury/20250815_153526_11.html,20250815 153526 11
luxury/20250815_153526_12.html,20250815 153526 12
luxury/20250815_153526_13.html,20250815 153526 13
luxury/20250815_153526_14.html,20250815 153526 14
luxury/20250815_153526_15.html,20250815 153526 15
luxury/20250815_153526_16.html,20250815 153526 16
luxury/20250815_153526_17.html,20250815 153526 17
luxury/20250815_153526_18.html,20250815 153526 18
luxury/20250815_153526_19.html,20250815 153526 19
luxury/20250815_153526_20.html,20250815 153526 20
luxury/20250909_102407_01.html,20250909 102407 01
luxury/20250909_102407_02.html,20250909 102407 02
luxury/20250909_102407_03.html,20250909 102407 03
luxury/20250909_102407_04.html,20250909 102407 04
luxury/20250909_102407_05.html,20250909 102407 05
luxury/20250909_102407_06.html,20250909 102407 06
luxury/20250909_102407_07.html,20250909 102407 07
luxury/20250909_102407_08.html,20250909 102407 08
luxury/20250909_102407_09.html,20250909 102407 09
luxury/20250909_102407_10.html,20250909 102407 10
luxury/20250909_102407_11.html,20250909 102407 11
luxury/20250909_102407_12.html,20250909 102407 12
luxury/20250909_102407_13.html,20250909 102407 13
luxury/20250909_102407_14.html,20250909 102407 14
luxury/20250909_102407_15.html,20250909 102407 15
luxury/20250909_102407_16.html,20250909 102407 16
luxury/20250909_102407_17.html,20250909 102407 17
luxury/20250909_102407_18.html,20250909 102407 18
luxury/20250909_102407_19.html,20250909 102407 19
luxury/20250909_102407_20.html,20250909 102407 20
luxury/20250917_030154_01.html,20250917 030154 01
luxury/20250917_030154_02.html,20250917 030154 02
luxury/20250917_030154_03.html,20250917 030154 03
luxury/20250917_030154_04.html,20250917 030154 04
luxury/20250917_030154_05.html,20250917 030154 05
luxury/20250917_030154_06.html,20250917 030154 06
luxury/20250917_030154_07.html,20250917 030154 07
luxury/20250917_030154_08.html,20250917 030154 08
luxury/20250917_030154_09.html,20250917 030154 09
luxury/20250917_030154_10.html,20250917 030154 10
luxury/20250917_030154_11.html,20250917 030154 11
luxury/20250917_030154_12.html,20250917 030154 12
luxury/20250917_030154_13.html,20250917 030154 13
luxury/20250917_030154_14.html,20250917 030154 14
luxury/20250917_030154_15.html,20250917 030154 15
luxury/20250917_030154_16.html,20250917 030154 16
luxury/20250917_030154_17.html,20250917 030154 17
luxury/20250917_030154_18.html,20250917 030154 18
luxury/20250917_030154_19.html,20250917 030154 19
luxury/20250917_030154_20.html,20250917 030154 20
luxury/page3.html,page3
luxury/page4.html,page4
luxury/page5.html,page5
mirror/20250812_054216_01.html,20250812 054216 01
mirror/20250812_054216_02.html,20250812 054216 02
mirror/20250812_054216_03.html,20250812 054216 03
mirror/20250812_054216_04.html,20250812 054216 04
mirror/20250812_054216_05.html,20250812 054216 05
mirror/20250812_054216_06.html,20250812 054216 06
mirror/20250812_054216_07.html,20250812 054216 07
mirror/20250812_054216_08.html,20250812 054216 08
mirror/20250812_054216_09.html,20250812 054216 09
mirror/20250812_054216_10.html,20250812 054216 10
mirror/20250812_054216_11.html,20250812 054216 11
mirror/20250812_054216_12.html,20250812 054216 12
mirror/20250812_054216_13.html,20250812 054216 13
mirror/20250812_054216_14.html,20250812 054216 14
mirror/20250812_054216_15.html,20250812 054216 15
mirror/20250812_054216_16.html,20250812 054216 16
mirror/20250812_054216_17.html,20250812 054216 17
mirror/20250812_054216_18.html,20250812 054216 18
mirror/20250812_054216_19.html,20250812 054216 19
mirror/20250812_054216_20.html,20250812 054216 20
mirror/20250812_162114_01.html,20250812 162114 01
mirror/20250812_162114_02.html,20250812 162114 02
mirror/20250812_162114_03.html,20250812 162114 03
mirror/20250812_162114_04.html,20250812 162114 04
mirror/20250812_162114_05.html,20250812 162114 05
mirror/20250812_162114_06.html,20250812 162114 06
mirror/20250812_162114_07.html,20250812 162114 07
mirror/20250812_162114_08.html,20250812 162114 08
mirror/20250812_162114_09.html,20250812 162114 09
mirror/20250812_162114_10.html,20250812 162114 10
mirror/20250812_162114_11.html,20250812 162114 11
mirror/20250812_162114_12.html,20250812 162114 12
mirror/20250812_162114_13.html,20250812 162114 13
mirror/20250812_162114_14.html,20250812 162114 14
mirror/20250812_162114_15.html,20250812 162114 15
mirror/20250812_162114_16.html,20250812 162114 16
mirror/20250812_162114_17.html,20250812 162114 17
mirror/20250812_162114_18.html,20250812 162114 18
mirror/20250812_162114_19.html,20250812 162114 19
mirror/20250812_162114_20.html,20250812 162114 20
mirror/20250815_153711_01.html,20250815 153711 01
mirror/20250815_153711_02.html,20250815 153711 02
mirror/20250815_153711_03.html,20250815 153711 03
mirror/20250815_153711_04.html,20250815 153711 04
mirror/20250815_153711_05.html,20250815 153711 05
mirror/20250815_153711_06.html,20250815 153711 06
mirror/20250815_153711_07.html,20250815 153711 07
mirror/20250815_153711_08.html,20250815 153711 08
mirror/20250815_153711_09.html,20250815 153711 09
mirror/20250815_153711_10.html,20250815 153711 10
mirror/20250815_153711_11.html,20250815 153711 11
mirror/20250815_153711_12.html,20250815 153711 12
mirror/20250815_153711_13.html,20250815 153711 13
mirror/20250815_153711_14.html,20250815 153711 14
mirror/20250815_153711_15.html,20250815 153711 15
mirror/20250815_153711_16.html,20250815 153711 16
mirror/20250815_153711_17.html,20250815 153711 17
mirror/20250815_153711_18.html,20250815 153711 18
mirror/20250815_153711_19.html,20250815 153711 19
mirror/20250815_153711_20.html,20250815 153711 20
mirror/20250909_102545_01.html,20250909 102545 01
mirror/20250909_102545_02.html,20250909 102545 02
mirror/20250909_102545_03.html,20250909 102545 03
mirror/20250909_102545_04.html,20250909 102545 04
mirror/20250909_102545_05.html,20250909 102545 05
mirror/20250909_102545_06.html,20250909 102545 06
mirror/20250909_102545_07.html,20250909 102545 07
mirror/20250909_102545_08.html,20250909 102545 08
mirror/20250909_102545_09.html,20250909 102545 09
mirror/20250909_102545_10.html,20250909 102545 10
mirror/20250909_102545_11.html,20250909 102545 11
mirror/20250909_102545_12.html,20250909 102545 12
mirror/20250909_102545_13.html,20250909 102545 13
mirror/20250909_102545_14.html,20250909 102545 14
mirror/20250909_102545_15.html,20250909 102545 15
mirror/20250909_102545_16.html,20250909 102545 16
mirror/20250909_102545_17.html,20250909 102545 17
mirror/20250909_102545_18.html,20250909 102545 18
mirror/20250909_102545_19.html,20250909 102545 19
mirror/20250909_102545_20.html,20250909 102545 20
mirror/20250917_030329_01.html,20250917 030329 01
mirror/20250917_030329_02.html,20250917 030329 02
mirror/20250917_030329_03.html,20250917 030329 03
mirror/20250917_030329_04.html,20250917 030329 04
mirror/20250917_030329_05.html,20250917 030329 05
mirror/20250917_030329_06.html,20250917 030329 06
mirror/20250917_030329_07.html,20250917 030329 07
mirror/20250917_030329_08.html,20250917 030329 08
mirror/20250917_030329_09.html,20250917 030329 09
mirror/20250917_030329_10.html,20250917 030329 10
mirror/20250917_030329_11.html,20250917 030329 11
mirror/20250917_030329_12.html,20250917 030329 12
mirror/20250917_030329_13.html,20250917 030329 13
mirror/20250917_030329_14.html,20250917 030329 14
mirror/20250917_030329_15.html,20250917 030329 15
mirror/20250917_030329_16.html,20250917 030329 16
mirror/20250917_030329_17.html,20250917 030329 17
mirror/20250917_030329_18.html,20250917 030329 18
mirror/20250917_030329_19.html,20250917 030329 19
mirror/20250917_030329_20.html,20250917 030329 20
mirror/page3.html,page3
mirror/page4.html,page4
mirror/page5.html,page5
office/20250812_054401_01.html,20250812 054401 01
office/20250812_054401_02.html,20250812 054401 02
office/20250812_054401_03.html,20250812 054401 03
office/20250812_054401_04.html,20250812 054401 04
office/20250812_054401_05.html,20250812 054401 05
office/20250812_054401_06.html,20250812 054401 06
office/20250812_054401_07.html,20250812 054401 07
office/20250812_054401_08.html,20250812 054401 08
office/20250812_054401_09.html,20250812 054401 09
office/20250812_054401_10.html,20250812 054401 10
office/20250812_054401_11.html,20250812 054401 11
office/20250812_054401_12.html,20250812 054401 12
office/20250812_054401_13.html,20250812 054401 13
office/20250812_054401_14.html,20250812 054401 14
office/20250812_054401_15.html,20250812 054401 15
office/20250812_054401_16.html,20250812 054401 16
office/20250812_054401_17.html,20250812 054401 17
office/20250812_054401_18.html,20250812 054401 18
office/20250812_054401_19.html,20250812 054401 19
office/20250812_054401_20.html,20250812 054401 20
office/20250812_162301_01.html,20250812 162301 01
office/20250812_162301_02.html,20250812 162301 02
office/20250812_162301_03.html,20250812 162301 03
office/20250812_162301_04.html,20250812 162301 04
office/20250812_162301_05.html,20250812 162301 05
office/20250812_162301_06.html,20250812 162301 06
office/20250812_162301_07.html,20250812 162301 07
office/20250812_162301_08.html,20250812 162301 08
office/20250812_162301_09.html,20250812 162301 09
office/20250812_162301_10.html,20250812 162301 10
office/20250812_162301_11.html,20250812 162301 11
office/20250812_162301_12.html,20250812 162301 12
office/20250812_162301_13.html,20250812 162301 13
office/20250812_162301_14.html,20250812 162301 14
office/20250812_162301_15.html,20250812 162301 15
office/20250812_162301_16.html,20250812 162301 16
office/20250812_162301_17.html,20250812 162301 17
office/20250812_162301_18.html,20250812 162301 18
office/20250812_162301_19.html,20250812 162301 19
office/20250812_162301_20.html,20250812 162301 20
office/20250815_153856_01.html,20250815 153856 01
office/20250815_153856_02.html,20250815 153856 02
office/20250815_153856_03.html,20250815 153856 03
office/20250815_153856_04.html,20250815 153856 04
office/20250815_153856_05.html,20250815 153856 05
office/20250815_153856_06.html,20250815 153856 06
office/20250815_153856_07.html,20250815 153856 07
office/20250815_153856_08.html,20250815 153856 08
office/20250815_153856_09.html,20250815 153856 09
office/20250815_153856_10.html,20250815 153856 10
office/20250815_153856_11.html,20250815 153856 11
office/20250815_153856_12.html,20250815 153856 12
office/20250815_153856_13.html,20250815 153856 13
office/20250815_153856_14.html,20250815 153856 14
office/20250815_153856_15.html,20250815 153856 15
office/20250815_153856_16.html,20250815 153856 16
office/20250815_153856_17.html,20250815 153856 17
office/20250815_153856_18.html,20250815 153856 18
office/20250815_153856_19.html,20250815 153856 19
office/20250815_153856_20.html,20250815 153856 20
office/20250909_102723_01.html,20250909 102723 01
office/20250909_102723_02.html,20250909 102723 02
office/20250909_102723_03.html,20250909 102723 03
office/20250909_102723_04.html,20250909 102723 04
office/20250909_102723_05.html,20250909 102723 05
office/20250909_102723_06.html,20250909 102723 06
office/20250909_102723_07.html,20250909 102723 07
office/20250909_102723_08.html,20250909 102723 08
office/20250909_102723_09.html,20250909 102723 09
office/20250909_102723_10.html,20250909 102723 10
office/20250909_102723_11.html,20250909 102723 11
office/20250909_102723_12.html,20250909 102723 12
office/20250909_102723_13.html,20250909 102723 13
office/20250909_102723_14.html,20250909 102723 14
office/20250909_102723_15.html,20250909 102723 15
office/20250909_102723_16.html,20250909 102723 16
office/20250909_102723_17.html,20250909 102723 17
office/20250909_102723_18.html,20250909 102723 18
office/20250909_102723_19.html,20250909 102723 19
office/20250909_102723_20.html,20250909 102723 20
office/20250917_030504_01.html,20250917 030504 01
office/20250917_030504_02.html,20250917 030504 02
office/20250917_030504_03.html,20250917 030504 03
office/20250917_030504_04.html,20250917 030504 04
office/20250917_030504_05.html,20250917 030504 05
office/20250917_030504_06.html,20250917 030504 06
office/20250917_030504_07.html,20250917 030504 07
office/20250917_030504_08.html,20250917 030504 08
office/20250917_030504_09.html,20250917 030504 09
office/20250917_030504_10.html,20250917 030504 10
office/20250917_030504_11.html,20250917 030504 11
office/20250917_030504_12.html,20250917 030504 12
office/20250917_030504_13.html,20250917 030504 13
office/20250917_030504_14.html,20250917 030504 14
office/20250917_030504_15.html,20250917 030504 15
office/20250917_030504_16.html,20250917 030504 16
office/20250917_030504_17.html,20250917 030504 17
office/20250917_030504_18.html,20250917 030504 18
office/20250917_030504_19.html,20250917 030504 19
office/20250917_030504_20.html,20250917 030504 20
office/page2.html,page2
office/page3.html,page3
office/page4.html,page4
office/page5.html,page5
redroom/20250812_162447_01.html,20250812 162447 01
redroom/20250812_162447_02.html,20250812 162447 02
redroom/20250812_162447_03.html,20250812 162447 03
redroom/20250812_162447_04.html,20250812 162447 04
redroom/20250812_162447_05.html,20250812 162447 05
redroom/20250812_162447_06.html,20250812 162447 06
redroom/20250812_162447_07.html,20250812 162447 07
redroom/20250812_162447_08.html,20250812 162447 08
redroom/20250812_162447_09.html,20250812 162447 09
redroom/20250812_162447_10.html,20250812 162447 10
redroom/20250812_162447_11.html,20250812 162447 11
redroom/20250812_162447_12.html,20250812 162447 12
redroom/20250812_162447_13.html,20250812 162447 13
redroom/20250812_162447_14.html,20250812 162447 14
redroom/20250812_162447_15.html,20250812 162447 15
redroom/20250812_162447_16.html,20250812 162447 16
redroom/20250812_162447_17.html,20250812 162447 17
redroom/20250812_162447_18.html,20250812 162447 18
redroom/20250812_162447_19.html,20250812 162447 19
redroom/20250812_162447_20.html,20250812 162447 20
redroom/20250815_154043_01.html,20250815 154043 01
redroom/20250815_154043_02.html,20250815 154043 02
redroom/20250815_154043_03.html,20250815 154043 03
redroom/20250815_154043_04.html,20250815 154043 04
redroom/20250815_154043_05.html,20250815 154043 05
redroom/20250815_154043_06.html,20250815 154043 06
redroom/20250815_154043_07.html,20250815 154043 07
redroom/20250815_154043_08.html,20250815 154043 08
redroom/20250815_154043_09.html,20250815 154043 09
redroom/20250815_154043_10.html,20250815 154043 10
redroom/20250815_154043_11.html,20250815 154043 11
redroom/20250815_154043_12.html,20250815 154043 12
redroom/20250815_154043_13.html,20250815 154043 13
redroom/20250815_154043_14.html,20250815 154043 14
redroom/20250815_154043_15.html,20250815 154043 15
redroom/20250815_154043_16.html,20250815 154043 16
redroom/20250815_154043_17.html,20250815 154043 17
redroom/20250815_154043_18.html,20250815 154043 18
redroom/20250815_154043_19.html,20250815 154043 19
redroom/20250815_154043_20.html,20250815 154043 20
redroom/20250909_102901_01.html,20250909 102901 01
redroom/20250909_102901_02.html,20250909 102901 02
redroom/20250909_102901_03.html,20250909 102901 03
redroom/20250909_102901_04.html,20250909 102901 04
redroom/20250909_102901_05.html,20250909 102901 05
redroom/20250909_102901_06.html,20250909 102901 06
redroom/20250909_102901_07.html,20250909 102901 07
redroom/20250909_102901_08.html,20250909 102901 08
redroom/20250909_102901_09.html,20250909 102901 09
redroom/20250909_102901_10.html,20250909 102901 10
redroom/20250909_102901_11.html,20250909 102901 11
redroom/20250909_102901_12.html,20250909 102901 12
redroom/20250909_102901_13.html,20250909 102901 13
redroom/20250909_102901_14.html,20250909 102901 14
redroom/20250909_102901_15.html,20250909 102901 15
redroom/20250909_102901_16.html,20250909 102901 16
redroom/20250909_102901_17.html,20250909 102901 17
redroom/20250909_102901_18.html,20250909 102901 18
redroom/20250909_102901_19.html,20250909 102901 19
redroom/20250909_102901_20.html,20250909 102901 20
redroom/20250917_030640_01.html,20250917 030640 01
redroom/20250917_030640_02.html,20250917 030640 02
redroom/20250917_030640_03.html,20250917 030640 03
redroom/20250917_030640_04.html,20250917 030640 04
redroom/20250917_030640_05.html,20250917 030640 05
redroom/20250917_030640_06.html,20250917 030640 06
redroom/20250917_030640_07.html,20250917 030640 07
redroom/20250917_030640_08.html,20250917 030640 08
redroom/20250917_030640_09.html,20250917 030640 09
redroom/20250917_030640_10.html,20250917 030640 10
redroom/20250917_030640_11.html,20250917 030640 11
redroom/20250917_030640_12.html,20250917 030640 12
redroom/20250917_030640_13.html,20250917 030640 13
redroom/20250917_030640_14.html,20250917 030640 14
redroom/20250917_030640_15.html,20250917 030640 15
redroom/20250917_030640_16.html,20250917 030640 16
redroom/20250917_030640_17.html,20250917 030640 17
redroom/20250917_030640_18.html,20250917 030640 18
redroom/20250917_030640_19.html,20250917 030640 19
redroom/20250917_030640_20.html,20250917 030640 20
redroom/page2.html,page2
redroom/page3.html,page3
redroom/page4.html,page4
shower/20250812_054739_01.html,20250812 054739 01
shower/20250812_054739_02.html,20250812 054739 02
shower/20250812_054739_03.html,20250812 054739 03
shower/20250812_054739_04.html,20250812 054739 04
shower/20250812_054739_05.html,20250812 054739 05
shower/20250812_054739_06.html,20250812 054739 06
shower/20250812_054739_07.html,20250812 054739 07
shower/20250812_054739_08.html,20250812 054739 08
shower/20250812_054739_09.html,20250812 054739 09
shower/20250812_054739_10.html,20250812 054739 10
shower/20250812_054739_11.html,20250812 054739 11
shower/20250812_054739_12.html,20250812 054739 12
shower/20250812_054739_13.html,20250812 054739 13
shower/20250812_054739_14.html,20250812 054739 14
shower/20250812_054739_15.html,20250812 054739 15
shower/20250812_054739_16.html,20250812 054739 16
shower/20250812_054739_17.html,20250812 054739 17
shower/20250812_054739_18.html,20250812 054739 18
shower/20250812_054739_19.html,20250812 054739 19
shower/20250812_054739_20.html,20250812 054739 20
shower/20250812_162633_01.html,20250812 162633 01
shower/20250812_162633_02.html,20250812 162633 02
shower/20250812_162633_03.html,20250812 162633 03
shower/20250812_162633_04.html,20250812 162633 04
shower/20250812_162633_05.html,20250812 162633 05
shower/20250812_162633_06.html,20250812 162633 06
shower/20250812_162633_07.html,20250812 162633 07
shower/20250812_162633_08.html,20250812 162633 08
shower/20250812_162633_09.html,20250812 162633 09
shower/20250812_162633_10.html,20250812 162633 10
shower/20250812_162633_11.html,20250812 162633 11
shower/20250812_162633_12.html,20250812 162633 12
shower/20250812_162633_13.html,20250812 162633 13
shower/20250812_162633_14.html,20250812 162633 14
shower/20250812_162633_15.html,20250812 162633 15
shower/20250812_162633_16.html,20250812 162633 16
shower/20250812_162633_17.html,20250812 162633 17
shower/20250812_162633_18.html,20250812 162633 18
shower/20250812_162633_19.html,20250812 162633 19
shower/20250812_162633_20.html,20250812 162633 20
shower/20250815_154228_01.html,20250815 154228 01
shower/20250815_154228_02.html,20250815 154228 02
shower/20250815_154228_03.html,20250815 154228 03
shower/20250815_154228_04.html,20250815 154228 04
shower/20250815_154228_05.html,20250815 154228 05
shower/20250815_154228_06.html,20250815 154228 06
shower/20250815_154228_07.html,20250815 154228 07
shower/20250815_154228_08.html,20250815 154228 08
shower/20250815_154228_09.html,20250815 154228 09
shower/20250815_154228_10.html,20250815 154228 10
shower/20250815_154228_11.html,20250815 154228 11
shower/20250815_154228_12.html,20250815 154228 12
shower/20250815_154228_13.html,20250815 154228 13
shower/20250815_154228_14.html,20250815 154228 14
shower/20250815_154228_15.html,20250815 154228 15
shower/20250815_154228_16.html,20250815 154228 16
shower/20250815_154228_17.html,20250815 154228 17
shower/20250815_154228_18.html,20250815 154228 18
shower/20250815_154228_19.html,20250815 154228 19
shower/20250815_154228_20.html,20250815 154228 20
shower/20250909_103038_01.html,20250909 103038 01
shower/20250909_103038_02.html,20250909 103038 02
shower/20250909_103038_03.html,20250909 103038 03
shower/20250909_103038_04.html,20250909 103038 04
shower/20250909_103038_05.html,20250909 103038 05
shower/20250909_103038_06.html,20250909 103038 06
shower/20250909_103038_07.html,20250909 103038 07
shower/20250909_103038_08.html,20250909 103038 08
shower/20250909_103038_09.html,20250909 103038 09
shower/20250909_103038_10.html,20250909 103038 10
shower/20250909_103038_11.html,20250909 103038 11
shower/20250909_103038_12.html,20250909 103038 12
shower/20250909_103038_13.html,20250909 103038 13
shower/20250909_103038_14.html,20250909 103038 14
shower/20250909_103038_15.html,20250909 103038 15
shower/20250909_103038_16.html,20250909 103038 16
shower/20250909_103038_17.html,20250909 103038 17
shower/20250909_103038_18.html,20250909 103038 18
shower/20250909_103038_19.html,20250909 103038 19
shower/20250909_103038_20.html,20250909 103038 20
shower/20250917_030815_01.html,20250917 030815 01
shower/20250917_030815_02.html,20250917 030815 02
shower/20250917_030815_03.html,20250917 030815 03
shower/20250917_030815_04.html,20250917 030815 04
shower/20250917_030815_05.html,20250917 030815 05
shower/20250917_030815_06.html,20250917 030815 06
shower/20250917_030815_07.html,20250917 030815 07
shower/20250917_030815_08.html,20250917 030815 08
shower/20250917_030815_09.html,20250917 030815 09
shower/20250917_030815_10.html,20250917 030815 10
shower/20250917_030815_11.html,20250917 030815 11
shower/20250917_030815_12.html,20250917 030815 12
shower/20250917_030815_13.html,20250917 030815 13
shower/20250917_030815_14.html,20250917 030815 14
shower/20250917_030815_15.html,20250917 030815 15
shower/20250917_030815_16.html,20250917 030815 16
shower/20250917_030815_17.html,20250917 030815 17
shower/20250917_030815_18.html,20250917 030815 18
shower/20250917_030815_19.html,20250917 030815 19
shower/20250917_030815_20.html,20250917 030815 20
shower/page2.html,page2
shower/page3.html,page3
shower/page4.html,page4
shower/page5.html,page5
soft/20250812_054924_01.html,20250812 054924 01
soft/20250812_054924_02.html,20250812 054924 02
soft/20250812_054924_03.html,20250812 054924 03
soft/20250812_054924_04.html,20250812 054924 04
soft/20250812_054924_05.html,20250812 054924 05
soft/20250812_054924_06.html,20250812 054924 06
soft/20250812_054924_07.html,20250812 054924 07
soft/20250812_054924_08.html,20250812 054924 08
soft/20250812_054924_09.html,20250812 054924 09
soft/20250812_054924_10.html,20250812 054924 10
soft/20250812_054924_11.html,20250812 054924 11
soft/20250812_054924_12.html,20250812 054924 12
soft/20250812_054924_13.html,20250812 054924 13
soft/20250812_054924_14.html,20250812 054924 14
soft/20250812_054924_15.html,20250812 054924 15
soft/20250812_054924_16.html,20250812 054924 16
soft/20250812_054924_17.html,20250812 054924 17
soft/20250812_054924_18.html,20250812 054924 18
soft/20250812_054924_19.html,20250812 054924 19
soft/20250812_054924_20.html,20250812 054924 20
soft/20250812_162819_01.html,20250812 162819 01
soft/20250812_162819_02.html,20250812 162819 02
soft/20250812_162819_03.html,20250812 162819 03
soft/20250812_162819_04.html,20250812 162819 04
soft/20250812_162819_05.html,20250812 162819 05
soft/20250812_162819_06.html,20250812 162819 06
soft/20250812_162819_07.html,20250812 162819 07
soft/20250812_162819_08.html,20250812 162819 08
soft/20250812_162819_09.html,20250812 162819 09
soft/20250812_162819_10.html,20250812 162819 10
soft/20250812_162819_11.html,20250812 162819 11
soft/20250812_162819_12.html,20250812 162819 12
soft/20250812_162819_13.html,20250812 162819 13
soft/20250812_162819_14.html,20250812 162819 14
soft/20250812_162819_15.html,20250812 162819 15
soft/20250812_162819_16.html,20250812 162819 16
soft/20250812_162819_17.html,20250812 162819 17
soft/20250812_162819_18.html,20250812 162819 18
soft/20250812_162819_19.html,20250812 162819 19
soft/20250812_162819_20.html,20250812 162819 20
soft/20250815_154413_01.html,20250815 154413 01
soft/20250815_154413_02.html,20250815 154413 02
soft/20250815_154413_03.html,20250815 154413 03
soft/20250815_154413_04.html,20250815 154413 04
soft/20250815_154413_05.html,20250815 154413 05
soft/20250815_154413_06.html,20250815 154413 06
soft/20250815_154413_07.html,20250815 154413 07
soft/20250815_154413_08.html,20250815 154413 08
soft/20250815_154413_09.html,20250815 154413 09
soft/20250815_154413_10.html,20250815 154413 10
soft/20250815_154413_11.html,20250815 154413 11
soft/20250815_154413_12.html,20250815 154413 12
soft/20250815_154413_13.html,20250815 154413 13
soft/20250815_154413_14.html,20250815 154413 14
soft/20250815_154413_15.html,20250815 154413 15
soft/20250815_154413_16.html,20250815 154413 16
soft/20250815_154413_17.html,20250815 154413 17
soft/20250815_154413_18.html,20250815 154413 18
soft/20250815_154413_19.html,20250815 154413 19
soft/20250815_154413_20.html,20250815 154413 20
soft/20250909_103216_01.html,20250909 103216 01
soft/20250909_103216_02.html,20250909 103216 02
soft/20250909_103216_03.html,20250909 103216 03
soft/20250909_103216_04.html,20250909 103216 04
soft/20250909_103216_05.html,20250909 103216 05
soft/20250909_103216_06.html,20250909 103216 06
soft/20250909_103216_07.html,20250909 103216 07
soft/20250909_103216_08.html,20250909 103216 08
soft/20250909_103216_09.html,20250909 103216 09
soft/20250909_103216_10.html,20250909 103216 10
soft/20250909_103216_11.html,20250909 103216 11
soft/20250909_103216_12.html,20250909 103216 12
soft/20250909_103216_13.html,20250909 103216 13
soft/20250909_103216_14.html,20250909 103216 14
soft/20250909_103216_15.html,20250909 103216 15
soft/20250909_103216_16.html,20250909 103216 16
soft/20250909_103216_17.html,20250909 103216 17
soft/20250909_103216_18.html,20250909 103216 18
soft/20250909_103216_19.html,20250909 103216 19
soft/20250909_103216_20.html,20250909 103216 20
soft/20250917_030950_01.html,20250917 030950 01
soft/20250917_030950_02.html,20250917 030950 02
soft/20250917_030950_03.html,20250917 030950 03
soft/20250917_030950_04.html,20250917 030950 04
soft/20250917_030950_05.html,20250917 030950 05
soft/20250917_030950_06.html,20250917 030950 06
soft/20250917_030950_07.html,20250917 030950 07
soft/20250917_030950_08.html,20250917 030950 08
soft/20250917_030950_09.html,20250917 030950 09
soft/20250917_030950_10.html,20250917 030950 10
soft/20250917_030950_11.html,20250917 030950 11
soft/20250917_030950_12.html,20250917 030950 12
soft/20250917_030950_13.html,20250917 030950 13
soft/20250917_030950_14.html,20250917 030950 14
soft/20250917_030950_15.html,20250917 030950 15
soft/20250917_030950_16.html,20250917 030950 16
soft/20250917_030950_17.html,20250917 030950 17
soft/20250917_030950_18.html,20250917 030950 18
soft/20250917_030950_19.html,20250917 030950 19
soft/20250917_030950_20.html,20250917 030950 20
soft/page2.html,page2
soft/page3.html,page3
soft/page4.html,page4
soft/page5.html,page5
tags/cozy-bedroom_2.html,cozy bedroom 2
tags/cozy-bedroom_3.html,cozy bedroom 3
tags/moody-tones_2.html,moody tones 2
tags/moody-tones_3.html,moody tones 3
tags/morning-light_2.html,morning light 2
tags/morning-light_3.html,morning light 3
tags/soft-portraits_2.html,soft portraits 2
tags/soft-portraits_3.html,soft portraits 3
uniform/20250812_055110_01.html,20250812 055110 01
uniform/20250812_055110_02.html,20250812 055110 02
uniform/20250812_055110_03.html,20250812 055110 03
uniform/20250812_055110_04.html,20250812 055110 04
uniform/20250812_055110_05.html,20250812 055110 05
uniform/20250812_055110_06.html,20250812 055110 06
uniform/20250812_055110_07.html,20250812 055110 07
uniform/20250812_055110_08.html,20250812 055110 08
uniform/20250812_055110_09.html,20250812 055110 09
uniform/20250812_055110_10.html,20250812 055110 10
uniform/20250812_055110_11.html,20250812 055110 11
uniform/20250812_055110_12.html,20250812 055110 12
uniform/20250812_055110_13.html,20250812 055110 13
uniform/20250812_055110_14.html,20250812 055110 14
uniform/20250812_055110_15.html,20250812 055110 15
uniform/20250812_055110_16.html,20250812 055110 16
uniform/20250812_055110_17.html,20250812 055110 17
uniform/20250812_055110_18.html,20250812 055110 18
uniform/20250812_055110_19.html,20250812 055110 19
uniform/20250812_055110_20.html,20250812 055110 20
uniform/20250812_163006_01.html,20250812 163006 01
uniform/20250812_163006_02.html,20250812 163006 02
uniform/20250812_163006_03.html,20250812 163006 03
uniform/20250812_163006_04.html,20250812 163006 04
uniform/20250812_163006_05.html,20250812 163006 05
uniform/20250812_163006_06.html,20250812 163006 06
uniform/20250812_163006_07.html,20250812 163006 07
uniform/20250812_163006_08.html,20250812 163006 08
uniform/20250812_163006_09.html,20250812 163006 09
uniform/20250812_163006_10.html,20250812 163006 10
uniform/20250812_163006_11.html,20250812 163006 11
uniform/20250812_163006_12.html,20250812 163006 12
uniform/20250812_163006_13.html,20250812 163006 13
uniform/20250812_163006_14.html,20250812 163006 14
uniform/20250812_163006_15.html,20250812 163006 15
uniform/20250812_163006_16.html,20250812 163006 16
uniform/20250812_163006_17.html,20250812 163006 17
uniform/20250812_163006_18.html,20250812 163006 18
uniform/20250812_163006_19.html,20250812 163006 19
uniform/20250812_163006_20.html,20250812 163006 20
uniform/20250815_154559_01.html,20250815 154559 01
uniform/20250815_154559_02.html,20250815 154559 02
uniform/20250815_154559_03.html,20250815 154559 03
uniform/20250815_154559_04.html,20250815 154559 04
uniform/20250815_154559_05.html,20250815 154559 05
uniform/20250815_154559_06.html,20250815 154559 06
uniform/20250815_154559_07.html,20250815 154559 07
uniform/20250815_154559_08.html,20250815 154559 08
uniform/20250815_154559_09.html,20250815 154559 09
uniform/20250815_154559_10.html,20250815 154559 10
uniform/20250815_154559_11.html,20250815 154559 11
uniform/20250815_154559_12.html,20250815 154559 12
uniform/20250815_154559_13.html,20250815 154559 13
uniform/20250815_154559_14.html,20250815 154559 14
uniform/20250815_154559_15.html,20250815 154559 15
uniform/20250815_154559_16.html,20250815 154559 16
uniform/20250815_154559_17.html,20250815 154559 17
uniform/20250815_154559_18.html,20250815 154559 18
uniform/20250815_154559_19.html,20250815 154559 19
uniform/20250815_154559_20.html,20250815 154559 20
uniform/20250909_103354_01.html,20250909 103354 01
uniform/20250909_103354_02.html,20250909 103354 02
uniform/20250909_103354_03.html,20250909 103354 03
uniform/20250909_103354_04.html,20250909 103354 04
uniform/20250909_103354_05.html,20250909 103354 05
uniform/20250909_103354_06.html,20250909 103354 06
uniform/20250909_103354_07.html,20250909 103354 07
uniform/20250909_103354_08.html,20250909 103354 08
uniform/20250909_103354_09.html,20250909 103354 09
uniform/20250909_103354_10.html,20250909 103354 10
uniform/20250909_103354_11.html,20250909 103354 11
uniform/20250909_103354_12.html,20250909 103354 12
uniform/20250909_103354_13.html,20250909 103354 13
uniform/20250909_103354_14.html,20250909 103354 14
uniform/20250909_103354_15.html,20250909 103354 15
uniform/20250909_103354_16.html,20250909 103354 16
uniform/20250909_103354_17.html,20250909 103354 17
uniform/20250909_103354_18.html,20250909 103354 18
uniform/20250909_103354_19.html,20250909 103354 19
uniform/20250909_103354_20.html,20250909 103354 20
uniform/20250917_031126_01.html,20250917 031126 01
uniform/20250917_031126_02.html,20250917 031126 02
uniform/20250917_031126_03.html,20250917 031126 03
uniform/20250917_031126_04.html,20250917 031126 04
uniform/20250917_031126_05.html,20250917 031126 05
uniform/20250917_031126_06.html,20250917 031126 06
uniform/20250917_031126_07.html,20250917 031126 07
uniform/20250917_031126_08.html,20250917 031126 08
uniform/20250917_031126_09.html,20250917 031126 09
uniform/20250917_031126_10.html,20250917 031126 10
uniform/20250917_031126_11.html,20250917 031126 11
uniform/20250917_031126_12.html,20250917 031126 12
uniform/20250917_031126_13.html,20250917 031126 13
uniform/20250917_031126_14.html,20250917 031126 14
uniform/20250917_031126_15.html,20250917 031126 15
uniform/20250917_031126_16.html,20250917 031126 16
uniform/20250917_031126_17.html,20250917 031126 17
uniform/20250917_031126_18.html,20250917 031126 18
uniform/20250917_031126_19.html,20250917 031126 19
uniform/20250917_031126_20.html,20250917 031126 20
uniform/page2.html,page2
uniform/page3.html,page3
uniform/page4.html,page4
uniform/page5.html,page5
bedroom/20250925_032601_01.html,20250925 032601 01
bedroom/20250925_032601_02.html,20250925 032601 02
bedroom/20250925_032601_03.html,20250925 032601 03
bedroom/20250925_032601_04.html,20250925 032601 04
bedroom/20250925_032601_05.html,20250925 032601 05
bedroom/20250925_032601_06.html,20250925 032601 06
bedroom/20250925_032601_07.html,20250925 032601 07
bedroom/20250925_032601_08.html,20250925 032601 08
bedroom/20250925_032601_09.html,20250925 032601 09
bedroom/20250925_032601_10.html,20250925 032601 10
bedroom/20250925_032601_11.html,20250925 032601 11
bedroom/20250925_032601_12.html,20250925 032601 12
bedroom/20250925_032601_13.html,20250925 032601 13
bedroom/20250925_032601_14.html,20250925 032601 14
bedroom/20250925_032601_15.html,20250925 032601 15
bedroom/20250925_032601_16.html,20250925 032601 16
bedroom/20250925_032601_17.html,20250925 032601 17
bedroom/20250925_032601_18.html,20250925 032601 18
bedroom/20250925_032601_19.html,20250925 032601 19
bedroom/20250925_032601_20.html,20250925 032601 20
bedroom/page6.html,page6
dark/20250925_032742_01.html,20250925 032742 01
dark/20250925_032742_02.html,20250925 032742 02
dark/20250925_032742_03.html,20250925 032742 03
dark/20250925_032742_04.html,20250925 032742 04
dark/20250925_032742_05.html,20250925 032742 05
dark/20250925_032742_06.html,20250925 032742 06
dark/20250925_032742_07.html,20250925 032742 07
dark/20250925_032742_08.html,20250925 032742 08
dark/20250925_032742_09.html,20250925 032742 09
dark/20250925_032742_10.html,20250925 032742 10
dark/20250925_032742_11.html,20250925 032742 11
dark/20250925_032742_12.html,20250925 032742 12
dark/20250925_032742_13.html,20250925 032742 13
dark/20250925_032742_14.html,20250925 032742 14
dark/20250925_032742_15.html,20250925 032742 15
dark/20250925_032742_16.html,20250925 032742 16
dark/20250925_032742_17.html,20250925 032742 17
dark/20250925_032742_18.html,20250925 032742 18
dark/20250925_032742_19.html,20250925 032742 19
dark/20250925_032742_20.html,20250925 032742 20
dark/page6.html,page6
fitness/20250925_032925_01.html,20250925 032925 01
fitness/20250925_032925_02.html,20250925 032925 02
fitness/20250925_032925_03.html,20250925 032925 03
fitness/20250925_032925_04.html,20250925 032925 04
fitness/20250925_032925_05.html,20250925 032925 05
fitness/20250925_032925_06.html,20250925 032925 06
fitness/20250925_032925_07.html,20250925 032925 07
fitness/20250925_032925_08.html,20250925 032925 08
fitness/20250925_032925_09.html,20250925 032925 09
fitness/20250925_032925_10.html,20250925 032925 10
fitness/20250925_032925_11.html,20250925 032925 11
fitness/20250925_032925_12.html,20250925 032925 12
fitness/20250925_032925_13.html,20250925 032925 13
fitness/20250925_032925_14.html,20250925 032925 14
fitness/20250925_032925_15.html,20250925 032925 15
fitness/20250925_032925_16.html,20250925 032925 16
fitness/20250925_032925_17.html,20250925 032925 17
fitness/20250925_032925_18.html,20250925 032925 18
fitness/20250925_032925_19.html,20250925 032925 19
fitness/20250925_032925_20.html,20250925 032925 20
fitness/page6.html,page6
luxury/20250925_033106_01.html,20250925 033106 01
luxury/20250925_033106_02.html,20250925 033106 02
luxury/20250925_033106_03.html,20250925 033106 03
luxury/20250925_033106_04.html,20250925 033106 04
luxury/20250925_033106_05.html,20250925 033106 05
luxury/20250925_033106_06.html,20250925 033106 06
luxury/20250925_033106_07.html,20250925 033106 07
luxury/20250925_033106_08.html,20250925 033106 08
luxury/20250925_033106_09.html,20250925 033106 09
luxury/20250925_033106_10.html,20250925 033106 10
luxury/20250925_033106_11.html,20250925 033106 11
luxury/20250925_033106_12.html,20250925 033106 12
luxury/20250925_033106_13.html,20250925 033106 13
luxury/20250925_033106_14.html,20250925 033106 14
luxury/20250925_033106_15.html,20250925 033106 15
luxury/20250925_033106_16.html,20250925 033106 16
luxury/20250925_033106_17.html,20250925 033106 17
luxury/20250925_033106_18.html,20250925 033106 18
luxury/20250925_033106_19.html,20250925 033106 19
luxury/20250925_033106_20.html,20250925 033106 20
luxury/page6.html,page6
mirror/20250925_033248_01.html,20250925 033248 01
mirror/20250925_033248_02.html,20250925 033248 02
mirror/20250925_033248_03.html,20250925 033248 03
mirror/20250925_033248_04.html,20250925 033248 04
mirror/20250925_033248_05.html,20250925 033248 05
mirror/20250925_033248_06.html,20250925 033248 06
mirror/20250925_033248_07.html,20250925 033248 07
mirror/20250925_033248_08.html,20250925 033248 08
mirror/20250925_033248_09.html,20250925 033248 09
mirror/20250925_033248_10.html,20250925 033248 10
mirror/20250925_033248_11.html,20250925 033248 11
mirror/20250925_033248_12.html,20250925 033248 12
mirror/20250925_033248_13.html,20250925 033248 13
mirror/20250925_033248_14.html,20250925 033248 14
mirror/20250925_033248_15.html,20250925 033248 15
mirror/20250925_033248_16.html,20250925 033248 16
mirror/20250925_033248_17.html,20250925 033248 17
mirror/20250925_033248_18.html,20250925 033248 18
mirror/20250925_033248_19.html,20250925 033248 19
mirror/20250925_033248_20.html,20250925 033248 20
mirror/page6.html,page6
office/20250925_033430_01.html,20250925 033430 01
office/20250925_033430_02.html,20250925 033430 02
office/20250925_033430_03.html,20250925 033430 03
office/20250925_033430_04.html,20250925 033430 04
office/20250925_033430_05.html,20250925 033430 05
office/20250925_033430_06.html,20250925 033430 06
office/20250925_033430_07.html,20250925 033430 07
office/20250925_033430_08.html,20250925 033430 08
office/20250925_033430_09.html,20250925 033430 09
office/20250925_033430_10.html,20250925 033430 10
office/20250925_033430_11.html,20250925 033430 11
office/20250925_033430_12.html,20250925 033430 12
office/20250925_033430_13.html,20250925 033430 13
office/20250925_033430_14.html,20250925 033430 14
office/20250925_033430_15.html,20250925 033430 15
office/20250925_033430_16.html,20250925 033430 16
office/20250925_033430_17.html,20250925 033430 17
office/20250925_033430_18.html,20250925 033430 18
office/20250925_033430_19.html,20250925 033430 19
office/20250925_033430_20.html,20250925 033430 20
office/page6.html,page6
redroom/20250925_033612_01.html,20250925 033612 01
redroom/20250925_033612_02.html,20250925 033612 02
redroom/20250925_033612_03.html,20250925 033612 03
redroom/20250925_033612_04.html,20250925 033612 04
redroom/20250925_033612_05.html,20250925 033612 05
redroom/20250925_033612_06.html,20250925 033612 06
redroom/20250925_033612_07.html,20250925 033612 07
redroom/20250925_033612_08.html,20250925 033612 08
redroom/20250925_033612_09.html,20250925 033612 09
redroom/20250925_033612_10.html,20250925 033612 10
redroom/20250925_033612_11.html,20250925 033612 11
redroom/20250925_033612_12.html,20250925 033612 12
redroom/20250925_033612_13.html,20250925 033612 13
redroom/20250925_033612_14.html,20250925 033612 14
redroom/20250925_033612_15.html,20250925 033612 15
redroom/20250925_033612_16.html,20250925 033612 16
redroom/20250925_033612_17.html,20250925 033612 17
redroom/20250925_033612_18.html,20250925 033612 18
redroom/20250925_033612_19.html,20250925 033612 19
redroom/20250925_033612_20.html,20250925 033612 20
redroom/page5.html,page5
shower/20250925_033754_01.html,20250925 033754 01
shower/20250925_033754_02.html,20250925 033754 02
shower/20250925_033754_03.html,20250925 033754 03
shower/20250925_033754_04.html,20250925 033754 04
shower/20250925_033754_05.html,20250925 033754 05
shower/20250925_033754_06.html,20250925 033754 06
shower/20250925_033754_07.html,20250925 033754 07
shower/20250925_033754_08.html,20250925 033754 08
shower/20250925_033754_09.html,20250925 033754 09
shower/20250925_033754_10.html,20250925 033754 10
shower/20250925_033754_11.html,20250925 033754 11
shower/20250925_033754_12.html,20250925 033754 12
shower/20250925_033754_13.html,20250925 033754 13
shower/20250925_033754_14.html,20250925 033754 14
shower/20250925_033754_15.html,20250925 033754 15
shower/20250925_033754_16.html,20250925 033754 16
shower/20250925_033754_17.html,20250925 033754 17
shower/20250925_033754_18.html,20250925 033754 18
shower/20250925_033754_19.html,20250925 033754 19
shower/20250925_033754_20.html,20250925 033754 20
shower/page6.html,page6
soft/20250925_033936_01.html,20250925 033936 01
soft/20250925_033936_02.html,20250925 033936 02
soft/20250925_033936_03.html,20250925 033936 03
soft/20250925_033936_04.html,20250925 033936 04
soft/20250925_033936_05.html,20250925 033936 05
soft/20250925_033936_06.html,20250925 033936 06
soft/20250925_033936_07.html,20250925 033936 07
soft/20250925_033936_08.html,20250925 033936 08
soft/20250925_033936_09.html,20250925 033936 09
soft/20250925_033936_10.html,20250925 033936 10
soft/20250925_033936_11.html,20250925 033936 11
soft/20250925_033936_12.html,20250925 033936 12
soft/20250925_033936_13.html,20250925 033936 13
soft/20250925_033936_14.html,20250925 033936 14
soft/20250925_033936_15.html,20250925 033936 15
soft/20250925_033936_16.html,20250925 033936 16
soft/20250925_033936_17.html,20250925 033936 17
soft/20250925_033936_18.html,20250925 033936 18
soft/20250925_033936_19.html,20250925 033936 19
soft/20250925_033936_20.html,20250925 033936 20
soft/page6.html,page6
uniform/20250925_034118_01.html,20250925 034118 01
uniform/20250925_034118_02.html,20250925 034118 02
uniform/20250925_034118_03.html,20250925 034118 03
uniform/20250925_034118_04.html,20250925 034118 04
uniform/20250925_034118_05.html,20250925 034118 05
uniform/20250925_034118_06.html,20250925 034118 06
uniform/20250925_034118_07.html,20250925 034118 07
uniform/20250925_034118_08.html,20250925 034118 08
uniform/20250925_034118_09.html,20250925 034118 09
uniform/20250925_034118_10.html,20250925 034118 10
uniform/20250925_034118_11.html,20250925 034118 11
uniform/20250925_034118_12.html,20250925 034118 12
uniform/20250925_034118_13.html,20250925 034118 13
uniform/20250925_034118_14.html,20250925 034118 14
uniform/20250925_034118_15.html,20250925 034118 15
uniform/20250925_034118_16.html,20250925 034118 16
uniform/20250925_034118_17.html,20250925 034118 17
uniform/20250925_034118_18.html,20250925 034118 18
uniform/20250925_034118_19.html,20250925 034118 19
uniform/20250925_034118_20.html,20250925 034118 20
uniform/page6.html,page6
